INSERT INTO bookings (booking_id,guest_id,location_id,booking_date,check_in_date,duration,total_price) VALUES
	 ('B00001','G1001','LOC01','2024-01-10','2024-01-15',2,575000.00),
	 ('B00002','G1001','LOC02','2024-03-20','2024-03-25',3,1350000.00),
	 ('B00003','G1001','LOC05','2024-06-10','2024-06-15',2,575000.00),
	 ('B00004','G1002','LOC03','2024-02-05','2024-02-10',1,287500.00),
	 ('B00005','G1002','LOC01','2024-04-15','2024-04-20',4,1150000.00),
	 ('B00006','G1002','LOC04','2024-07-01','2024-07-06',2,900000.00),
	 ('B00007','G1002','LOC02','2024-09-10','2024-09-15',3,1350000.00),
	 ('B00008','G1003','LOC01','2024-03-10','2024-03-15',3,862500.00),
	 ('B00009','G1003','LOC04','2024-05-20','2024-05-25',1,450000.00),
	 ('B00010','G1004','LOC02','2024-01-05','2024-01-10',2,900000.00);
INSERT INTO bookings (booking_id,guest_id,location_id,booking_date,check_in_date,duration,total_price) VALUES
	 ('B00011','G1004','LOC05','2024-04-10','2024-04-15',1,287500.00),
	 ('B00012','G1004','LOC03','2024-08-20','2024-08-25',4,1150000.00),
	 ('B00013','G1005','LOC04','2024-02-15','2024-02-20',5,2250000.00),
	 ('B00014','G1005','LOC02','2024-06-05','2024-06-10',2,900000.00),
	 ('B00015','G1006','LOC05','2024-01-20','2024-01-25',1,287500.00),
	 ('B00016','G1006','LOC04','2024-03-15','2024-03-20',3,1350000.00),
	 ('B00017','G1006','LOC01','2024-05-10','2024-05-15',2,575000.00),
	 ('B00018','G1006','LOC03','2024-08-01','2024-08-06',3,862500.00),
	 ('B00019','G1007','LOC01','2024-04-01','2024-04-06',1,287500.00),
	 ('B00020','G1007','LOC02','2024-07-15','2024-07-20',2,900000.00);
INSERT INTO bookings (booking_id,guest_id,location_id,booking_date,check_in_date,duration,total_price) VALUES
	 ('B00021','G1008','LOC02','2024-03-18','2024-03-23',3,1350000.00),
	 ('B00022','G1008','LOC01','2024-06-20','2024-06-25',2,575000.00),
	 ('B00023','G1008','LOC05','2024-09-05','2024-09-10',4,1150000.00),
	 ('B00024','G1009','LOC03','2024-02-28','2024-03-04',1,287500.00),
	 ('B00025','G1009','LOC04','2024-05-05','2024-05-10',2,900000.00),
	 ('B00026','G1010','LOC04','2024-04-14','2024-04-19',2,900000.00),
	 ('B00027','G1010','LOC05','2024-06-25','2024-06-30',4,1150000.00),
	 ('B00028','G1010','LOC02','2024-08-28','2024-09-02',3,1350000.00),
	 ('B00029','G1011','LOC05','2024-03-01','2024-03-06',1,287500.00),
	 ('B00030','G1012','LOC01','2024-05-15','2024-05-20',1,287500.00);
INSERT INTO bookings (booking_id,guest_id,location_id,booking_date,check_in_date,duration,total_price) VALUES
	 ('B00031','G1012','LOC03','2024-07-10','2024-07-15',2,575000.00),
	 ('B00032','G1013','LOC02','2024-02-10','2024-02-15',3,1350000.00),
	 ('B00033','G1013','LOC01','2024-04-30','2024-05-05',4,1150000.00),
	 ('B00034','G1013','LOC04','2024-07-20','2024-07-25',2,900000.00),
	 ('B00035','G1014','LOC03','2024-01-30','2024-02-04',2,575000.00),
	 ('B00036','G1014','LOC01','2024-05-25','2024-05-30',3,862500.00),
	 ('B00037','G1015','LOC04','2024-03-10','2024-03-15',1,450000.00),
	 ('B00038','G1015','LOC03','2024-05-25','2024-05-30',3,862500.00),
	 ('B00039','G1015','LOC01','2024-08-15','2024-08-20',2,575000.00),
	 ('B00040','G1015','LOC05','2024-10-01','2024-10-06',5,1437500.00);
INSERT INTO bookings (booking_id,guest_id,location_id,booking_date,check_in_date,duration,total_price) VALUES
	 ('B00041','G1016','LOC01','2024-06-01','2024-06-06',2,575000.00),
	 ('B00042','G1017','LOC02','2024-04-05','2024-04-10',2,900000.00),
	 ('B00043','G1017','LOC03','2024-07-25','2024-07-30',1,287500.00),
	 ('B00044','G1018','LOC04','2024-05-10','2024-05-15',3,1350000.00),
	 ('B00045','G1019','LOC05','2024-03-20','2024-03-25',2,575000.00),
	 ('B00046','G1019','LOC01','2024-06-15','2024-06-20',1,287500.00),
	 ('B00047','G1020','LOC01','2024-02-20','2024-02-25',3,862500.00),
	 ('B00048','G1020','LOC02','2024-05-05','2024-05-10',2,900000.00),
	 ('B00049','G1020','LOC03','2024-08-10','2024-08-15',4,1150000.00),
	 ('B00050','G1021','LOC04','2024-04-20','2024-04-25',1,450000.00);
INSERT INTO bookings (booking_id,guest_id,location_id,booking_date,check_in_date,duration,total_price) VALUES
	 ('B00051','G1022','LOC05','2024-03-05','2024-03-10',3,862500.00),
	 ('B00052','G1022','LOC02','2024-06-20','2024-06-25',2,900000.00),
	 ('B00053','G1023','LOC01','2024-05-01','2024-05-06',4,1150000.00),
	 ('B00054','G1024','LOC03','2024-04-15','2024-04-20',2,575000.00),
	 ('B00055','G1024','LOC04','2024-07-05','2024-07-10',3,1350000.00),
	 ('B00056','G1001','LOC01','2024-08-01','2024-08-05',2,575000.00),
	 ('B00057','G1002','LOC01','2024-09-15','2024-09-20',3,862500.00),
	 ('B00058','G1003','LOC01','2024-10-10','2024-10-15',1,287500.00),
	 ('B00059','G1004','LOC01','2024-11-05','2024-11-10',4,1150000.00),
	 ('B00060','G1005','LOC01','2024-12-01','2024-12-06',2,575000.00);
INSERT INTO bookings (booking_id,guest_id,location_id,booking_date,check_in_date,duration,total_price) VALUES
	 ('B00061','G1006','LOC01','2024-08-20','2024-08-25',3,862500.00),
	 ('B00062','G1007','LOC01','2024-09-25','2024-09-30',1,287500.00),
	 ('B00063','G1008','LOC01','2024-10-20','2024-10-25',2,575000.00),
	 ('B00064','G1009','LOC02','2024-08-10','2024-08-15',3,1350000.00),
	 ('B00065','G1010','LOC02','2024-09-05','2024-09-10',2,900000.00),
	 ('B00066','G1011','LOC02','2024-10-01','2024-10-06',1,450000.00),
	 ('B00067','G1012','LOC02','2024-11-15','2024-11-20',4,1800000.00),
	 ('B00068','G1013','LOC02','2024-12-10','2024-12-15',2,900000.00),
	 ('B00069','G1014','LOC02','2024-08-25','2024-08-30',3,1350000.00),
	 ('B00070','G1015','LOC02','2024-09-30','2024-10-05',1,450000.00);
INSERT INTO bookings (booking_id,guest_id,location_id,booking_date,check_in_date,duration,total_price) VALUES
	 ('B00071','G1016','LOC03','2024-08-05','2024-08-10',2,575000.00),
	 ('B00072','G1017','LOC03','2024-09-10','2024-09-15',3,862500.00),
	 ('B00073','G1018','LOC03','2024-10-25','2024-10-30',1,287500.00),
	 ('B00074','G1019','LOC03','2024-11-20','2024-11-25',4,1150000.00),
	 ('B00075','G1020','LOC03','2024-12-15','2024-12-20',2,575000.00),
	 ('B00076','G1021','LOC03','2024-08-30','2024-09-04',3,862500.00),
	 ('B00077','G1022','LOC05','2024-08-15','2024-08-20',2,575000.00),
	 ('B00078','G1023','LOC05','2024-09-20','2024-09-25',3,862500.00),
	 ('B00079','G1024','LOC05','2024-10-30','2024-11-04',1,287500.00),
	 ('B00080','G1025','LOC05','2024-11-25','2024-11-30',4,1150000.00);
INSERT INTO bookings (booking_id,guest_id,location_id,booking_date,check_in_date,duration,total_price) VALUES
	 ('B00081','G1001','LOC05','2024-12-20','2024-12-25',2,575000.00);
INSERT INTO guests (guest_id,guest_name,registration_date) VALUES
	 ('G1001','Ahmad Santoso','2023-01-15'),
	 ('G1002','Budi Wijaya','2023-02-20'),
	 ('G1003','Citra Pratiwi','2023-03-10'),
	 ('G1004','Dewi Kusuma','2023-01-25'),
	 ('G1005','Eko Hidayat','2023-04-12'),
	 ('G1006','Fani Sari','2023-05-05'),
	 ('G1007','Gita Nugroho','2023-02-18'),
	 ('G1008','Hadi Putra','2023-06-30'),
	 ('G1009','Indra Lestari','2023-03-22'),
	 ('G1010','Joko Rahayu','2023-04-08');
INSERT INTO guests (guest_id,guest_name,registration_date) VALUES
	 ('G1011','Kartika Sari','2023-07-01'),
	 ('G1012','Lina Wijaya','2023-05-15'),
	 ('G1013','Maya Pratiwi','2023-06-25'),
	 ('G1014','Nina Kusuma','2023-08-05'),
	 ('G1015','Oki Hidayat','2023-07-14'),
	 ('G1016','Putri Santoso','2023-09-12'),
	 ('G1017','Rina Wijaya','2023-08-28'),
	 ('G1018','Sari Nugroho','2023-10-15'),
	 ('G1019','Toni Pratiwi','2023-11-20'),
	 ('G1020','Umi Lestari','2023-12-10');
INSERT INTO guests (guest_id,guest_name,registration_date) VALUES
	 ('G1021','Vina Kusuma','2024-01-05'),
	 ('G1022','Wahyu Hidayat','2024-01-22'),
	 ('G1023','Xavier Sari','2024-02-14'),
	 ('G1024','Yuni Putra','2024-02-28'),
	 ('G1025','Zainal Rahayu','2024-03-10');
INSERT INTO locations (location_id,location_name,city,"type",total_units) VALUES
	 ('LOC01','Bobobox Pods Jakarta','Jakarta','Pod',50),
	 ('LOC02','Bobobox Cabin Bandung','Bandung','Cabin',30),
	 ('LOC03','Bobobox Pods Surabaya','Surabaya','Pod',40),
	 ('LOC04','Bobobox Cabin Yogyakarta','Yogyakarta','Cabin',25),
	 ('LOC05','Bobobox Pods Bali','Bali','Pod',45);
INSERT INTO reviews (review_id,booking_id,rating,"comment",review_date) VALUES
	 ('R00031','B00056',5,'Pelayanan excellent! Sangat memuaskan','2024-08-07'),
	 ('R00032','B00057',4,'Bagus dan nyaman','2024-09-22'),
	 ('R00033','B00058',5,'Sangat recommended!','2024-10-17'),
	 ('R00034','B00059',4,'Pengalaman menyenangkan','2024-11-12'),
	 ('R00035','B00060',5,'Fantastis! Akan kembali lagi','2024-12-08'),
	 ('R00036','B00061',4,'Lokasi strategis','2024-08-27'),
	 ('R00037','B00062',5,'Pelayanan ramah dan cepat','2024-10-02'),
	 ('R00038','B00063',4,'Harga worth it','2024-10-27'),
	 ('R00039','B00064',5,'Sangat memuaskan!','2024-08-17'),
	 ('R00040','B00065',4,'Cabin nyaman dan bersih','2024-09-12');
INSERT INTO reviews (review_id,booking_id,rating,"comment",review_date) VALUES
	 ('R00041','B00066',5,'Pengalaman terbaik','2024-10-08'),
	 ('R00042','B00067',4,'Recommended untuk keluarga','2024-11-22'),
	 ('R00043','B00068',5,'Pelayanan excellent','2024-12-17'),
	 ('R00044','B00069',4,'Fasilitas lengkap','2024-09-01'),
	 ('R00045','B00070',5,'Sangat puas','2024-10-07'),
	 ('R00046','B00071',5,'Sangat recommended!','2024-08-12'),
	 ('R00047','B00072',4,'Pengalaman baik','2024-09-17'),
	 ('R00048','B00073',5,'Pelayanan memuaskan','2024-11-01'),
	 ('R00049','B00074',4,'Lokasi bagus','2024-11-27'),
	 ('R00050','B00075',5,'Fantastis!','2024-12-22');
INSERT INTO reviews (review_id,booking_id,rating,"comment",review_date) VALUES
	 ('R00051','B00076',4,'Harga sesuai kualitas','2024-09-06'),
	 ('R00052','B00077',5,'Pemandangan bagus','2024-08-22'),
	 ('R00053','B00078',4,'Nyaman dan tenang','2024-09-27'),
	 ('R00054','B00079',5,'Pelayanan excellent','2024-11-05'),
	 ('R00055','B00080',4,'Recommended','2024-12-01'),
	 ('R00056','B00081',5,'Pengalaman unforgettable','2024-12-27'),
	 ('R00057','B00006',4,'Update review - cukup memuaskan','2024-07-08'),
	 ('R00058','B00014',4,'Update review - pengalaman baik','2024-06-12'),
	 ('R00059','B00020',4,'Update review - worth the price','2024-07-22'),
	 ('R00060','B00025',4,'Update review - nyaman dan bersih','2024-05-12');
INSERT INTO reviews (review_id,booking_id,rating,"comment",review_date) VALUES
	 ('R00001','B00001',5,'Sangat memuaskan! Pelayanan excellent','2024-01-18'),
	 ('R00002','B00002',4,'Pengalaman menyenangkan, akan kembali lagi','2024-03-28'),
	 ('R00003','B00004',3,'Cukup baik untuk harga yang dibayar','2024-02-12'),
	 ('R00004','B00005',5,'Pelayanan sangat memuaskan!','2024-04-23'),
	 ('R00005','B00008',4,'Lokasi strategis dan fasilitas lengkap','2024-03-17'),
	 ('R00006','B00010',2,'Agak mengecewakan, kebersihan kurang','2024-01-12'),
	 ('R00007','B00013',5,'Sangat recommended untuk keluarga','2024-02-22'),
	 ('R00008','B00015',4,'Nyaman dan harga terjangkau','2024-01-27'),
	 ('R00009','B00016',5,'Pengalaman terbaik sejauh ini!','2024-03-22'),
	 ('R00010','B00019',3,'Standard, tidak ada yang spesial','2024-04-08');
INSERT INTO reviews (review_id,booking_id,rating,"comment",review_date) VALUES
	 ('R00011','B00021',4,'Pelayanan ramah dan cepat','2024-03-25'),
	 ('R00012','B00024',5,'Sangat puas, lokasi bagus','2024-03-06'),
	 ('R00013','B00026',4,'Bagus untuk staycation akhir pekan','2024-04-21'),
	 ('R00014','B00029',3,'Cukup memuaskan','2024-03-08'),
	 ('R00015','B00032',5,'Excellent! Highly recommended','2024-02-17'),
	 ('R00016','B00035',4,'Pengalaman yang menyenangkan','2024-02-06'),
	 ('R00017','B00037',2,'Fasilitas kurang terawat','2024-03-17'),
	 ('R00018','B00040',5,'Sangat worth it dengan harga segini','2024-10-08'),
	 ('R00019','B00042',4,'Pelayanan memuaskan','2024-04-12'),
	 ('R00020','B00045',3,'Bisa lebih baik lagi','2024-03-27');
INSERT INTO reviews (review_id,booking_id,rating,"comment",review_date) VALUES
	 ('R00021','B00047',5,'Sangat recommended!','2024-02-27'),
	 ('R00022','B00050',4,'Pengalaman menyenangkan','2024-04-27'),
	 ('R00023','B00051',3,'Cukup standar, sesuai ekspektasi','2024-03-12'),
	 ('R00024','B00053',5,'Fantastis! Akan kembali lagi','2024-05-08'),
	 ('R00025','B00054',4,'Bagus dan nyaman','2024-04-22'),
	 ('R00026','B00007',5,'Pelayanan luar biasa!','2024-09-17'),
	 ('R00027','B00012',4,'Menyenangkan, fasilitas lengkap','2024-08-27'),
	 ('R00028','B00018',3,'Lumayan, harga sesuai','2024-08-08'),
	 ('R00029','B00023',4,'Pengalaman baik','2024-06-22'),
	 ('R00030','B00028',5,'Sempurna! Tidak ada kekurangan','2024-09-04');
